Customer ID,Total_Sales,Total_Profit,Total_Quantity,Order_Count,Average_Order_Value,Cluster
AA-10315,5563.56,-362.8825000000002,30,5,505.77818181818185,1
AA-10375,1056.39,277.3824,41,9,70.426,1
AA-10480,1790.512,435.82739999999995,36,4,149.20933333333332,1
AA-10645,5086.9349999999995,857.8032999999998,64,6,282.60749999999996,0
AB-10015,886.156,129.3465,13,3,147.69266666666667,1
AB-10060,7755.620000000001,2054.5885,56,8,430.8677777777778,0
AB-10105,14473.570999999998,5444.8055,73,10,723.6785499999999,0
AB-10150,966.71,313.6597,37,5,80.55916666666667,1
AB-10165,1113.838,220.813,48,8,79.55985714285714,1
AB-10255,914.532,264.5675,39,9,65.32371428571429,1
AB-10600,1515.862,-274.96040000000016,38,4,189.48275,1
AC-10420,925.8000000000001,-62.13420000000007,17,3,185.16000000000003,1
AC-10450,5527.846,1366.0097999999998,43,7,614.205111111111,0
AC-10615,2537.6859999999997,298.82730000000004,59,5,140.98255555555554,1
AC-10660,657.316,-28.70040000000001,16,5,109.55266666666667,1
AD-10180,6106.88,1869.9293999999998,40,8,508.9066666666667,0
AF-10870,2052.908,317.97120000000007,51,7,128.30675,1
AF-10885,861.565,-163.1175,37,4,123.0807142857143,1
AG-10270,2582.8979999999997,732.7398999999998,58,5,184.49271428571427,1
AG-10300,367.548,59.288399999999996,16,4,73.5096,1
AG-10330,660.972,-5.137100000000007,47,5,73.44133333333333,1
AG-10390,200.945,69.2784,33,5,25.118125,1
AG-10495,2356.855,295.6668000000001,93,8,112.23119047619048,0
AG-10525,1455.038,-152.76130000000006,33,4,161.6708888888889,1
AG-10675,3489.0396,-246.4257000000001,54,7,232.60264,1
AG-10765,170.584,-8.431000000000026,20,4,34.1168,1
AG-10900,4510.7970000000005,343.68239999999986,92,10,214.79985714285718,0
AH-10030,1744.7,365.2151999999999,54,7,158.60909090909092,1
AH-10075,3250.337,281.1889999999999,75,10,162.51685,0
AH-10120,1735.5140000000001,-2.3146000000000413,65,7,108.46962500000001,1
AH-10195,1587.4520000000002,-378.5508999999999,28,4,198.43150000000003,1
AH-10210,4805.344,1308.5546,53,9,369.64184615384613,0
AH-10465,2495.3916,-196.12010000000024,35,5,311.92395,1
AH-10585,738.504,83.96300000000002,17,4,147.70080000000002,1
AH-10690,7888.294,1298.0165999999995,102,12,342.9693043478261,0
AI-10855,4375.786,867.7271000000001,72,10,243.09922222222224,0
AJ-10780,4867.344,150.71299999999982,62,7,324.4896,0
AJ-10795,4501.391,1158.7063999999998,88,7,214.35195238095235,0
AJ-10945,1839.24,521.1351999999999,40,7,183.924,1
AJ-10960,629.2479999999999,60.42649999999998,22,3,125.84959999999998,1
AM-10360,814.012,194.9878,48,5,67.83433333333333,1
AM-10705,5664.022,1085.7325999999998,81,8,257.4555454545455,0
AO-10810,161.28,12.095999999999997,2,1,161.28,1
AP-10720,1638.554,285.7887999999999,85,8,86.23968421052632,0
AP-10915,3323.5560000000005,579.3112999999998,102,10,107.21148387096775,0
AR-10345,1055.694,-221.0544000000001,18,4,211.1388,1
AR-10405,2236.1279999999997,-98.76459999999983,29,5,319.4468571428571,1
AR-10510,264.86400000000003,43.66949999999999,33,5,37.83771428571429,1
AR-10540,6608.448,2884.6207999999997,33,6,734.272,0
AR-10570,88.15,32.632999999999996,6,1,44.075,1
AR-10825,4523.336,494.8352,54,8,347.9489230769231,0
AS-10045,3050.692,-253.5746000000003,48,7,305.0692,1
AS-10090,3255.31,64.53739999999996,81,9,130.2124,0
AS-10135,58.82,21.8496,9,2,19.606666666666666,1
AS-10225,4260.784,719.7750999999998,41,5,327.75261538461535,1
AS-10240,584.6080000000001,33.71579999999997,39,7,44.969846153846156,1
AS-10285,3214.236,354.6276,39,6,401.7795,1
AS-10630,833.398,136.49189999999996,34,7,69.44983333333333,1
AT-10435,1171.814,100.87679999999999,28,6,130.20155555555556,1
AT-10735,3831.864,974.107,60,10,239.4915,0
AW-10840,649.3760000000001,65.77249999999998,24,4,81.17200000000001,1
AW-10930,2852.9680000000003,-104.54860000000016,68,7,178.31050000000002,0
AY-10555,497.014,103.34989999999999,34,4,49.7014,1
AZ-10750,1622.018,154.95029999999997,40,6,135.16816666666668,1
BB-10990,744.34,11.58389999999996,26,5,93.0425,1
BB-11545,6765.728,1015.0749999999995,83,9,338.2864,0
BC-11125,2933.6760000000004,251.5974,60,9,162.98200000000003,0
BD-11320,5718.521000000001,1094.5036999999998,75,12,300.97478947368427,0
BD-11500,4411.243,1142.1225000000002,49,6,441.12430000000006,0
BD-11560,320.54,116.714,11,2,80.135,1
BD-11605,3288.471,634.8462999999999,74,7,164.42355,0
BD-11620,1538.1100000000001,206.75689999999997,27,6,192.26375000000002,1
BD-11635,582.6460000000001,141.53399999999996,19,3,116.52920000000002,1
BD-11725,1526.5,333.9791,29,6,152.65,1
BD-11770,658.466,141.26499999999996,21,6,65.8466,1
BE-11335,4204.676,1487.7739000000001,35,5,467.1862222222223,0
BE-11410,2261.438,755.9150999999997,19,5,452.2876,1
BE-11455,1727.652,139.2007999999999,40,6,132.8963076923077,1
BF-10975,599.798,227.43839999999994,38,7,46.13830769230769,1
BF-11005,1333.88,-291.3811000000001,26,4,133.388,1
BF-11020,2888.5060000000003,302.02,78,8,137.5479047619048,0
BF-11080,272.95,110.92719999999998,29,3,45.49166666666667,1
BF-11170,5907.972000000001,1538.2127,102,11,218.8137777777778,0
BF-11215,1585.162,523.2133,48,4,198.14525,1
BF-11275,791.99,25.870199999999986,11,3,197.9975,1
BG-11035,2798.948,-711.4274,35,8,233.24566666666666,1
BG-11695,1874.1719999999998,107.5714999999998,24,6,234.27149999999997,1
BG-11740,1006.356,119.34789999999997,22,6,143.76514285714285,1
BH-11710,6255.351000000001,802.7897999999999,97,8,260.639625,0
BK-11260,659.138,-63.76440000000004,58,6,41.196125,1
BM-11140,11789.63,-1659.958100000002,64,4,736.851875,0
BM-11575,808.162,95.58159999999998,22,6,80.81620000000001,1
BM-11650,7294.185,2199.2780999999995,95,11,251.5236206896552,0
BM-11785,1338.8419999999999,137.74389999999994,44,10,95.63157142857142,1
BN-11470,265.296,36.61309999999998,15,4,44.216,1
BN-11515,1459.344,340.70539999999994,79,5,85.84376470588235,1
BO-11350,2682.728,278.777,43,5,223.56066666666666,1
BO-11425,130.83,59.45219999999999,7,2,65.415,1
BP-11050,983.42,209.78300000000002,30,5,140.48857142857142,1
BP-11095,2442.044,433.9750999999999,70,12,122.1022,0
BP-11155,1697.8609999999999,647.3847000000001,32,6,154.351,1
BP-11185,3675.8610000000003,363.5990999999998,69,9,204.21450000000002,0
BP-11230,1181.49,-197.2695,14,5,196.915,1
BP-11290,2475.157,-319.0637000000001,51,7,154.6973125,1
BS-11365,10501.653,2616.0643999999993,39,5,1166.8503333333333,0
BS-11380,3887.8340000000003,-17.532200000000017,58,5,299.0641538461539,1
BS-11590,2454.9280000000003,381.7807,41,6,245.49280000000005,1
BS-11665,3288.1100000000006,238.7367999999999,47,3,298.919090909091,1
BS-11755,2562.382,-113.29840000000004,45,7,183.0272857142857,1
BS-11800,949.4300000000001,194.05159999999998,22,2,118.67875000000001,1
BT-11305,2567.656,417.59180000000003,33,5,285.2951111111111,1
BT-11395,2186.6130000000003,257.91629999999986,38,6,218.66130000000004,1
BT-11440,603.876,-77.52560000000001,16,4,86.268,1
BT-11485,415.19599999999997,126.86939999999997,11,2,138.39866666666666,1
BT-11530,2684.492,409.4983,44,5,268.4492,1
BT-11680,3196.752,447.74839999999983,88,7,159.8376,0
BV-11245,1523.2730000000001,315.2214,49,5,108.8052142857143,1
BW-11065,385.516,-58.286599999999964,8,3,128.50533333333334,1
BW-11110,4750.358,921.2573999999995,74,8,279.4328235294118,0
BW-11200,1738.406,246.99729999999997,49,6,173.8406,1
CA-11965,3789.7228,1143.3817000000001,29,6,378.97228,1
CA-12055,1679.7240000000002,211.25589999999994,49,5,167.97240000000002,1
CA-12265,2648.2872,279.61830000000003,65,9,155.78160000000003,0
CA-12310,1421.954,246.02179999999998,25,4,129.26854545454546,1
CA-12775,3041.566,204.4895,72,7,178.9156470588235,0
CB-12025,6076.139,150.20889999999943,122,10,233.69765384615386,0
CB-12415,1949.1999999999998,272.3883,44,8,162.4333333333333,1
CB-12535,4246.4555,1049.5600999999997,74,8,223.49765789473685,0
CC-12100,1770.9450000000002,208.59119999999987,46,6,136.22653846153847,1
CC-12145,2471.65,392.28249999999974,31,7,224.69545454545457,1
CC-12220,3913.4179999999997,393.9617999999999,81,12,177.88263636363635,0
CC-12370,12129.072,2177.0492999999988,34,5,1102.6429090909091,0
CC-12430,2870.05,424.65829999999977,63,10,151.05526315789476,0
CC-12475,1659.438,154.85099999999989,40,9,127.64907692307693,1
CC-12550,113.832,33.87060000000001,14,3,28.458,1
CC-12610,2540.631,331.43399999999986,39,7,211.71925,1
CC-12670,2269.7015,187.83989999999986,47,7,162.12153571428573,1
CC-12685,2854.1150000000002,850.1591000000001,51,4,237.8429166666667,1
CD-11920,2033.968,426.66100000000006,35,5,225.99644444444445,1
CD-11980,639.766,-206.71720000000013,22,3,106.62766666666666,1
CD-12280,1205.584,233.0274,39,2,92.73723076923078,1
CD-12790,1860.732,403.8421999999999,49,5,124.0488,1
CG-12040,904.4680000000001,86.51059999999997,37,6,100.49644444444445,1
CG-12520,1148.78,169.93439999999995,14,3,229.756,1
CH-12070,1537.236,195.15109999999981,13,3,384.309,1
CJ-11875,16.520000000000003,1.6519999999999992,5,1,16.520000000000003,1
CJ-12010,11164.974,858.7413999999995,83,8,558.2487,0
CK-12205,3154.855,141.2831,122,13,98.58921875,0
CK-12325,2945.321,261.2208999999999,46,5,245.44341666666665,1
CK-12595,2372.75,497.7097999999999,108,11,94.91,0
CK-12760,1582.109,-338.43110000000013,64,9,113.0077857142857,1
CL-11890,1262.0140000000001,328.08470000000005,24,4,180.28771428571432,1
CL-12565,10880.546,1933.7830999999994,106,12,388.5909285714286,0
CL-12700,2353.586,229.00989999999982,34,5,294.19825,1
CM-11815,1673.8880000000001,214.46299999999997,38,6,167.3888,1
CM-11935,565.3919999999999,-43.73239999999997,18,2,141.34799999999998,1
CM-12115,1661.6100000000001,409.0679,35,4,237.37285714285716,1
CM-12160,2533.314,-394.36860000000024,23,6,361.902,1
CM-12190,1475.144,91.20330000000001,21,6,210.73485714285715,1
CM-12235,2305.712,365.03869999999995,28,5,288.214,1
CM-12385,8954.02,3899.8903999999998,34,4,895.402,0
CM-12445,287.99,64.4296,32,3,31.99888888888889,1
CM-12655,6339.5576,1572.4585000000002,42,6,633.95576,0
CM-12715,3984.4524,176.31079999999972,57,4,306.49633846153847,1
CP-12085,5402.253999999999,427.02580000000006,57,8,385.87528571428567,0
CP-12340,5888.275000000001,-1850.3029000000001,59,8,392.5516666666667,0
CR-12580,2148.852,74.40130000000002,32,4,358.142,1
CR-12625,475.9000000000001,144.75939999999997,14,3,118.97500000000002,1
CR-12730,1600.55,306.9175999999999,18,4,266.7583333333333,1
CR-12820,1397.8724,83.27029999999996,26,3,199.69605714285714,1
CS-11845,1278.9540000000002,185.37759999999986,22,5,159.86925000000002,1
CS-11860,537.6320000000001,105.82749999999999,16,6,76.80457142857144,1
CS-11950,3036.547,-126.42230000000013,68,11,138.02486363636365,0
CS-12130,884.6400000000001,143.83389999999997,28,4,126.37714285714287,1
CS-12175,844.4580000000001,113.14049999999996,30,5,105.55725000000001,1
CS-12250,2754.216,738.3625999999999,97,12,98.36485714285713,0
CS-12355,3202.1620000000003,831.9431999999999,74,11,145.5528181818182,0
CS-12400,3651.8585000000003,-342.80330000000015,47,9,260.8470357142857,0
CS-12460,550.644,156.25929999999997,13,2,91.774,1
CS-12490,1077.2285000000002,-302.8761000000001,33,4,119.69205555555557,1
CS-12505,5690.055,-6626.389500000001,40,6,632.2283333333334,1
CT-11995,3241.898,161.22629999999978,60,8,180.10544444444446,0
CV-12295,2830.628,493.0861,54,5,217.7406153846154,1
CV-12805,2370.3136,98.99749999999982,62,9,124.75334736842105,0
CW-11905,1136.592,370.8298,40,6,103.32654545454547,1
CY-12745,2900.0260000000003,60.64669999999981,43,8,263.6387272727273,1
Co-12640,1300.076,205.62820000000002,30,5,162.5095,1
DA-13450,156.76,56.7904,27,4,19.595,1
DB-12910,2171.599,431.3747999999999,47,8,180.96658333333335,1
DB-12970,2839.2272,213.00289999999984,43,5,202.80194285714285,1
DB-13060,4531.646000000001,473.0272,48,7,348.5881538461539,0
DB-13120,2973.094,-1421.7692000000002,59,7,212.36385714285714,1
DB-13210,2332.5769999999998,169.9679,75,10,111.07509523809523,0
DB-13270,4655.897,841.8263999999999,52,8,358.14592307692305,0
DB-13360,1081.4660000000001,291.00849999999997,28,5,180.24433333333334,1
DB-13405,1711.692,438.9091999999999,62,4,122.26371428571429,1
DB-13555,3908.8028,109.32699999999997,61,7,279.2002,0
DB-13615,1989.05,438.8012,41,7,180.82272727272726,1
DB-13660,1155.202,177.6735,33,7,115.5202,1
DC-12850,3336.1680000000006,-1441.6312999999998,64,9,185.3426666666667,0
DC-13285,1174.618,132.06820000000002,37,5,167.8025714285714,1
DD-13570,269.54200000000003,36.4344,33,6,29.949111111111115,1
DE-13255,2550.874,464.47140000000013,38,5,283.43044444444445,1
DF-13135,2390.534,-259.30969999999996,23,3,398.42233333333337,1
DG-13300,3195.818,562.7761,39,5,399.47725,1
DH-13075,4932.872,1193.7403999999997,81,6,214.47269565217394,0
DH-13675,1043.096,116.667,41,4,94.8269090909091,1
DJ-13420,2012.52,483.03499999999997,20,4,402.504,1
DJ-13510,2501.688,345.2520999999999,52,8,192.43753846153848,1
DJ-13630,3356.3979999999997,731.5643999999999,43,3,419.54974999999996,1
DK-12835,3256.48,881.1228,86,12,120.61037037037038,0
DK-12895,4282.176,937.6496,65,5,285.4784,0
DK-12985,1687.04,-107.35379999999995,32,5,210.88,1
DK-13090,2650.557,536.3934999999999,33,7,203.88899999999998,1
DK-13150,797.832,249.9447,20,2,159.5664,1
DK-13225,4802.394,209.89940000000013,70,9,252.75757894736844,0
DK-13375,3318.486,377.07989999999995,77,8,144.28199999999998,0
DL-12865,1503.112,322.2448999999999,51,8,107.36514285714286,1
DL-12925,3272.2,4.213200000000029,43,6,233.72857142857143,1
DL-13315,1458.258,288.8732,74,8,85.77988235294117,0
DL-13330,585.02,222.68120000000005,32,4,73.1275,1
DL-13495,3539.322,-52.78800000000001,33,8,294.94350000000003,1
DM-12955,1322.034,108.75829999999999,28,7,146.89266666666668,1
DM-13015,6345.103,1677.3931,87,7,317.25515,0
DM-13345,4074.4720000000007,1319.0585999999998,41,8,313.42092307692315,0
DM-13525,1376.792,199.7688,33,3,137.67919999999998,1
DN-13690,2139.79,540.5405,41,7,194.52636363636364,1
DO-13435,1300.0315,-38.90859999999999,48,9,100.00242307692308,1
DO-13645,1267.316,294.06759999999997,36,7,115.21054545454545,1
DP-13000,1050.636,241.45239999999998,58,9,61.80211764705882,1
DP-13105,2215.0020000000004,563.1761,63,8,158.2144285714286,0
DP-13165,1058.616,-40.93760000000006,20,2,264.654,1
DP-13390,5480.724,1571.8317999999997,50,9,391.48028571428574,0
DR-12880,6528.034000000001,1641.8612999999998,103,9,272.00141666666667,0
DR-12940,8350.868,2869.0759999999996,57,8,642.3744615384616,0
DS-13030,1762.213,193.33190000000002,54,4,92.74805263157894,1
DS-13180,2881.8128,163.69929999999994,68,9,144.09064,0
DV-13045,1119.4830000000002,-427.1840000000001,28,5,124.38700000000001,1
DV-13465,3341.5870000000004,353.21269999999987,62,6,222.7724666666667,1
DW-13195,1080.751,-86.87379999999997,39,6,120.08344444444444,1
DW-13480,5271.628000000001,1348.7555999999997,38,5,479.23890909090915,0
DW-13540,344.08000000000004,69.66720000000001,21,5,38.23111111111112,1
DW-13585,1204.854,-266.89660000000003,44,7,120.4854,1
Dl-13600,755.602,175.23879999999997,19,5,125.93366666666667,1
Dp-13240,7198.7609999999995,333.36479999999983,99,11,248.23313793103446,0
EA-14035,2846.705,-52.74060000000006,87,13,113.8682,0
EB-13705,3644.978,13.621499999999905,55,9,303.7481666666667,0
EB-13750,3236.314,-80.286,91,10,161.8157,0
EB-13840,4358.128,656.1988,41,5,544.766,0
EB-13870,2767.219,261.53149999999994,41,10,251.56536363636363,0
EB-13930,944.6,0.6042000000000165,24,5,134.94285714285715,1
EB-13975,1643.255,162.8780999999999,18,4,273.87583333333333,1
EB-14110,3071.1259999999997,184.76559999999995,30,6,279.1932727272727,1
EB-14170,1186.326,282.17010000000005,20,6,169.47514285714286,1
EC-14050,461.914,96.42559999999997,37,5,65.98771428571429,1
ED-13885,3484.92,670.4434999999997,54,8,248.92285714285714,0
EG-13900,1832.02,104.26559999999994,44,5,203.55777777777777,1
EH-13765,10310.880000000001,1393.5153999999995,120,12,322.21500000000003,0
EH-13945,684.171,53.539799999999964,72,8,40.24535294117647,1
EH-13990,825.95,150.37590000000003,20,6,103.24375,1
EH-14005,1219.5300000000002,-94.14079999999993,50,7,110.86636363636366,1
EH-14125,3082.6530000000002,96.27019999999993,76,10,171.25850000000003,0
EH-14185,923.8839999999999,242.11069999999995,22,6,115.48549999999999,1
EJ-13720,2162.174,387.0176,31,4,270.27175,1
EJ-14155,2656.691,451.8754999999999,31,5,332.086375,1
EK-13795,1303.478,97.10660000000001,18,4,325.8695,1
EL-13735,124.28,27.115399999999994,9,2,62.14,1
EM-13810,2567.01,-133.82750000000033,23,5,366.71571428571434,1
EM-13825,2339.598,682.5541999999999,57,8,146.224875,0
EM-13960,933.7040000000001,102.29600000000002,18,5,155.61733333333333,1
EM-14065,228.99,40.154599999999995,22,4,38.165,1
EM-14095,1041.0420000000001,240.23619999999994,34,4,104.10420000000002,1
EM-14140,4588.436,1319.3654999999999,74,6,218.49695238095237,0
EM-14200,366.822,21.77209999999996,13,3,91.7055,1
EN-13780,2199.366,496.1130999999999,27,4,244.374,1
EP-13915,5478.0608,144.9577999999999,124,17,176.71163870967743,0
ER-13855,1245.7880000000002,-295.7398000000002,27,3,249.15760000000006,1
ES-14020,3510.458,1003.2935,31,5,438.80725,1
ES-14080,4657.924,246.66609999999991,77,9,232.8962,0
FA-14230,2984.054,520.5229,58,7,175.53258823529413,0
FC-14245,3418.742,1217.1662000000001,50,7,244.19585714285716,0
FC-14335,3889.366,714.2925999999999,37,7,388.9366,0
FG-14260,1383.144,394.73969999999997,48,7,125.74036363636364,1
FH-14275,4256.272,1073.2676,65,10,202.67961904761904,0
FH-14350,2271.284,706.289,52,4,162.23457142857143,1
FH-14365,6987.196000000001,2050.2825999999995,52,8,537.4766153846155,0
FM-14215,2456.638,249.68080000000003,48,10,163.77586666666667,0
FM-14290,3736.1979999999994,198.10949999999985,79,9,186.80989999999997,0
FM-14380,2523.266,191.4898,53,9,180.23328571428573,0
FO-14305,2678.438,215.59689999999978,60,10,178.56253333333333,0
FP-14320,4046.746,406.44729999999976,54,8,289.0532857142857,0
FW-14395,79.75,23.491300000000003,9,3,26.583333333333332,1
GA-14515,3919.7760000000003,840.8989999999998,48,8,279.98400000000004,0
GA-14725,1398.382,136.7079,79,11,63.56281818181819,0
GB-14530,1568.44,7.837099999999959,62,11,78.422,0
GB-14575,4716.288,1135.8392999999999,63,5,294.768,0
GD-14590,1888.07,230.93729999999994,25,4,314.67833333333334,1
GG-14650,2224.0,12.69849999999991,92,9,92.66666666666667,0
GH-14410,2819.467,-576.8335000000001,65,9,165.851,0
GH-14425,4172.8460000000005,1176.4180999999999,51,4,417.28460000000007,0
GH-14485,1361.2440000000004,-95.44980000000012,15,2,453.7480000000001,1
GH-14665,146.9408,-5.810199999999995,9,2,48.980266666666665,1
GK-14620,6497.27,1448.5525000000002,66,9,464.09071428571434,0
GM-14440,3582.8199999999997,347.2659999999999,43,7,325.71090909090907,1
GM-14455,3078.6240000000003,793.2813999999998,54,6,256.552,1
GM-14500,1255.682,441.3184999999999,53,10,96.59092307692308,0
GM-14680,3163.628,35.48649999999999,31,6,287.60254545454546,1
GM-14695,6049.965999999999,188.7235,44,3,549.9969090909091,1
GP-14740,236.53000000000003,31.837600000000002,21,2,47.306000000000004,1
GR-14560,1284.3799999999999,359.83320000000003,23,2,256.876,1
GT-14635,9351.212,-4108.6588999999985,26,3,1558.5353333333333,0
GT-14710,11820.12,2163.4268999999995,106,11,407.59034482758625,0
GT-14755,226.436,-6.139200000000022,23,4,32.348,1
GW-14605,2189.019,-268.54230000000007,43,7,243.2243333333333,1
GZ-14470,4355.15,1087.7539,48,9,311.08214285714286,0
GZ-14545,2454.622,828.6610000000001,25,4,490.9244,1
HA-14905,2163.3,270.8574000000001,45,7,216.33,1
HA-14920,2584.158,99.14449999999988,72,8,143.56433333333334,0
HD-14785,251.35999999999999,-135.8760000000001,31,3,35.90857142857143,1
HE-14800,883.5319999999999,274.40279999999996,44,4,80.3210909090909,1
HF-14995,2533.164,-13.876800000000088,70,7,133.32442105263158,1
HG-14845,785.628,147.0032,31,5,78.56280000000001,1
HG-14965,3247.642,-2797.9635000000007,68,12,191.03776470588235,0
HG-15025,3690.284,804.6112999999999,38,7,335.4803636363636,0
HH-15010,218.668,86.7342,20,2,36.44466666666667,1
HJ-14875,358.1,98.6548,21,5,59.68333333333334,1
HK-14890,4877.784,956.9451000000001,64,8,325.18559999999997,0
HL-15040,12873.297999999999,5622.4292000000005,50,6,1170.2998181818182,0
HM-14860,8236.7648,2437.9836,76,10,411.83824000000004,0
HM-14980,736.2760000000001,117.27550000000002,29,4,105.18228571428573,1
HP-14815,1990.3139999999999,373.8636999999998,44,7,199.0314,1
HR-14770,1299.288,185.5794,38,5,99.94523076923078,1
HR-14830,5248.787,1196.9504,51,7,374.91335714285714,0
HW-14935,9300.254,2164.1611000000003,85,8,465.01270000000005,0
HZ-14950,886.52,-130.38789999999995,21,5,147.75333333333333,1
IG-15085,744.5740000000001,320.4982,19,4,106.3677142857143,1
IL-15100,5040.736000000001,1121.937,60,7,360.05257142857147,0
IM-15055,2872.6300000000006,975.7700999999998,19,3,718.1575000000001,1
IM-15070,4930.474,514.6527,93,7,234.7844761904762,0
JA-15970,6491.026000000001,-819.4217000000001,87,8,270.4594166666667,0
JB-15400,1791.605,156.05319999999983,43,10,111.9753125,1
JB-15925,900.5520000000001,-286.98080000000004,32,3,112.56900000000002,1
JB-16000,644.1188,126.76489999999997,32,7,92.01697142857142,1
JB-16045,2518.115,201.5185,32,5,279.79055555555556,1
JC-15340,71.263,-0.35560000000000036,12,4,17.81575,1
JC-15385,1058.1080000000002,502.92440000000005,14,1,264.52700000000004,1
JC-15775,2772.0550000000003,279.5692,64,9,173.25343750000002,0
JC-16105,858.576,201.59519999999992,43,5,95.39733333333334,1
JD-15790,2152.352,-266.5525,26,5,307.4788571428571,1
JD-15895,7610.864,1050.2667999999999,150,11,237.8395,0
JD-16015,385.43000000000006,26.760499999999983,39,6,35.039090909090916,1
JD-16060,695.442,111.11409999999998,17,3,115.907,1
JD-16150,8828.030499999999,1619.5198999999996,60,8,519.2959117647058,0
JE-15475,1388.682,276.21969999999993,49,6,106.8216923076923,1
JE-15610,7754.976,1623.4018999999998,74,7,387.74879999999996,0
JE-15715,8697.843,1262.2925999999993,97,10,395.35650000000004,0
JE-15745,6760.8150000000005,221.79670000000016,90,13,293.9484782608696,0
JE-16165,2697.248,789.6475999999999,34,3,385.3211428571429,1
JF-15190,2279.5860000000002,575.1259,72,7,119.9782105263158,0
JF-15295,955.124,97.28899999999994,42,5,68.22314285714286,1
JF-15355,1911.844,330.199,58,6,119.49025,1
JF-15415,2371.448,635.6375999999999,69,6,169.38914285714284,1
JF-15490,1082.9180000000001,-18.067299999999978,36,11,72.19453333333334,1
JF-15565,4198.332,1073.2087999999999,67,8,262.39575,0
JG-15115,2358.676,684.1911,20,3,336.9537142857143,1
JG-15160,6366.392,1415.6663999999998,70,11,353.68844444444443,0
JG-15310,2240.58,3.7975999999999246,46,6,203.6890909090909,1
JG-15805,1507.018,206.10190000000003,46,6,167.44644444444444,1
JH-15430,309.281,-24.077099999999998,29,4,44.183,1
JH-15820,528.91,26.082199999999997,29,6,66.11375,1
JH-15910,959.477,-13.554500000000054,35,7,106.60855555555555,1
JH-15985,7954.9980000000005,-644.6982000000003,64,6,568.2141428571429,0
JH-16180,2256.3940000000002,-96.95299999999999,28,4,451.27880000000005,1
JJ-15445,709.178,200.55579999999998,25,5,118.19633333333333,1
JJ-15760,195.0,34.449200000000005,11,2,65.0,1
JK-15205,4427.142,1219.9829999999997,67,5,340.5493846153846,0
JK-15325,383.812,55.32770000000001,15,3,95.953,1
JK-15370,2709.632,330.28379999999987,72,8,159.39011764705882,0
JK-15625,3760.028,750.9484999999999,44,7,313.33566666666667,0
JK-15640,4760.434,1172.5303000000001,41,9,396.70283333333333,0
JK-15730,4867.2,55.048299999999976,88,10,243.35999999999999,0
JK-16090,3747.668,586.6624999999998,43,3,416.4075555555556,1
JK-16120,2932.484,122.6566,49,10,172.4990588235294,0
JL-15130,1214.956,-207.7956,42,6,101.24633333333333,1
JL-15175,1571.5230000000001,209.28169999999983,29,5,224.50328571428574,1
JL-15235,2203.7000000000003,54.517399999999846,39,5,220.37000000000003,1
JL-15505,3173.874,591.7163000000002,56,6,186.6984705882353,1
JL-15835,9799.923,228.9069999999995,143,11,288.23302941176473,0
JL-15850,2725.256,779.9046,38,6,247.75054545454543,1
JM-15250,3159.122,19.823499999999967,91,6,166.26957894736842,0
JM-15265,1804.146,502.61429999999996,52,5,138.78046153846154,1
JM-15535,1733.4430000000002,356.5394999999999,46,7,173.34430000000003,1
JM-15580,303.948,113.12039999999999,26,5,43.421142857142854,1
JM-15655,864.947,117.20399999999995,41,5,72.07891666666667,1
JM-15865,7625.076000000001,1574.6164,50,7,586.5443076923077,0
JM-16195,2833.926,754.1143999999999,74,10,149.154,0
JO-15145,3254.949,581.4045,59,9,250.3806923076923,0
JO-15280,1934.272,202.13619999999995,36,6,175.84290909090907,1
JO-15550,1090.8380000000002,167.67089999999996,42,5,99.16709090909093,1
JP-15460,1669.135,429.7465000000001,54,7,111.27566666666667,1
JP-15520,3635.594,757.1801999999999,63,7,227.224625,0
JP-16135,1707.71,309.7116,47,9,131.3623076923077,1
JR-15670,1156.6580000000001,-785.1645000000002,14,2,385.5526666666667,1
JR-15700,863.8799999999999,107.98499999999996,3,1,863.8799999999999,1
JR-16210,2201.686,452.3729999999999,41,5,220.16860000000003,1
JS-15595,1417.654,-175.54899999999998,35,4,177.20675,1
JS-15685,1131.064,-54.869200000000085,42,4,102.82400000000001,1
JS-15880,3868.02,564.9798,43,5,429.78,1
JS-15940,469.16900000000004,-327.93359999999996,37,5,58.646125000000005,1
JS-16030,2516.494,-311.2575,70,6,139.80522222222223,1
JW-15220,7721.714,2173.7093999999997,66,6,551.551,0
JW-15955,1244.086,-29.575900000000004,41,7,113.09872727272727,1
JW-16075,1428.731,154.06369999999993,38,4,204.10442857142857,1
KA-16525,1519.506,234.91939999999997,57,7,138.13690909090909,1
KB-16240,3152.6150000000002,763.9075999999998,34,7,315.2615,1
KB-16315,1569.4640000000002,49.7192999999999,62,9,71.33927272727273,1
KB-16405,908.821,274.29699999999997,25,3,100.98011111111111,1
KB-16585,2744.742,579.3551,102,12,119.33660869565219,0
KB-16600,983.9219999999999,293.55240000000003,29,7,109.32466666666666,1
KC-16255,2120.954,846.1217,40,6,212.0954,1
KC-16540,3908.262,709.4218999999996,28,4,781.6524000000001,1
KC-16675,1146.05,156.7797,40,4,163.72142857142856,1
KD-16270,8282.358,1107.695199999999,64,5,517.647375,0
KD-16345,1888.964,328.59419999999994,36,6,188.8964,1
KD-16495,8181.256,3038.6254,84,12,292.1877142857143,0
KD-16615,2243.51,539.7219,56,5,172.57769230769233,1
KE-16420,1686.7312,397.87989999999996,67,8,112.44874666666666,0
KF-16285,10604.266000000001,1660.1386,67,7,589.125888888889,0
KH-16330,3312.864,454.78709999999984,70,8,184.048,0
KH-16360,3100.612,528.2051,40,6,221.47228571428573,1
KH-16510,5952.859,656.1161999999999,91,7,258.81995652173913,0
KH-16630,3918.9660000000003,727.3785999999999,84,9,230.5274117647059,0
KH-16690,5990.799000000001,1227.5091000000002,69,7,399.38660000000004,0
KL-16555,5016.488,-182.78130000000013,84,8,228.02218181818182,0
KL-16645,14175.229000000001,806.8549999999996,113,12,488.80100000000004,0
KM-16225,2260.958,635.1057,72,6,118.99778947368422,1
KM-16375,5620.186,973.7902,69,8,281.0093,0
KM-16660,453.538,91.1391,30,5,50.39311111111111,1
KM-16720,4909.472,745.7684999999997,98,8,175.33828571428572,0
KN-16390,2617.272,-151.15179999999992,56,9,153.95717647058822,0
KN-16450,2171.962,114.3082999999999,49,5,271.49525,1
KN-16705,2280.58,329.7625,55,8,152.03866666666667,1
KS-16300,88.47200000000001,0.11099999999999888,10,3,22.118000000000002,1
KT-16465,3057.1,254.00319999999982,45,7,218.3642857142857,1
KT-16480,4642.0884,194.06709999999998,37,10,357.08372307692304,0
KW-16435,4416.5199999999995,1756.1349999999995,42,5,441.65199999999993,0
KW-16570,449.096,107.92699999999999,22,4,89.8192,1
LA-16780,8673.222,2059.1199,105,11,333.5854615384615,0
LB-16735,50.188,18.6507,12,3,16.729333333333333,1
LB-16795,4985.676,-52.19100000000021,76,8,207.7365,0
LC-16870,2580.704,-188.25110000000004,113,8,86.02346666666668,0
LC-16885,7663.126,1288.3468999999998,93,12,333.17939130434786,0
LC-16930,4492.946,288.26600000000025,52,8,320.9247142857143,0
LC-16960,3246.626,299.4802000000001,30,4,463.8037142857143,1
LC-17050,2095.064,86.77799999999998,43,5,232.78488888888887,1
LC-17140,2633.582,231.12519999999998,62,9,138.60957894736842,0
LD-16855,5.304,0.46409999999999996,3,1,5.304,1
LD-17005,1961.934,557.1714000000001,25,4,280.27628571428573,1
LE-16810,1469.45,161.7649,32,6,163.27222222222224,1
LF-17185,3930.508999999999,-3583.977000000001,69,7,245.65681249999994,1
LH-16750,287.426,12.627700000000017,12,3,95.80866666666667,1
LH-16900,2295.332,526.0726999999999,64,9,153.02213333333333,0
LH-17020,318.23900000000003,-242.73989999999998,34,4,53.03983333333334,1
LH-17155,1739.689,316.52019999999993,44,9,91.56257894736842,1
LL-16840,2741.2039999999997,560.0077999999999,50,6,228.43366666666665,1
LM-17065,1346.7740000000001,-44.878,32,5,192.39628571428574,1
LO-17170,644.35,150.1712,34,5,71.59444444444445,1
LP-17080,756.6059999999999,110.78129999999997,39,4,84.06733333333332,1
LP-17095,3653.399,338.44539999999984,52,7,243.55993333333333,0
LR-16915,5142.892,535.4763999999997,64,6,321.43075,0
LR-17035,1879.306,-382.80790000000025,44,5,156.60883333333334,1
LS-16945,2845.2700000000004,-318.7737000000002,51,6,203.23357142857145,1
LS-16975,2988.674,262.6366999999999,63,9,135.8488181818182,0
LS-17200,1010.2560000000001,244.19699999999997,54,6,72.16114285714286,1
LS-17230,368.88,39.19519999999998,16,3,61.48,1
LS-17245,1008.1360000000001,348.3584,47,6,84.01133333333334,1
LT-16765,329.876,59.036,8,3,109.95866666666666,1
LT-17110,2936.252,320.9729999999999,63,8,209.73228571428572,0
LW-16825,2238.061,32.576699999999896,50,5,149.20406666666668,1
LW-16990,3230.308,662.8339,38,6,293.66436363636365,1
LW-17125,1259.04,192.63119999999998,15,3,251.808,1
LW-17215,5420.514,837.2411000000002,59,7,361.3676,0
MA-17560,4299.161,1240.2266,117,11,126.44591176470588,0
MA-17995,2453.2840000000006,280.7822,42,6,204.44033333333337,1
MB-17305,1548.702,212.42499999999998,63,10,81.51063157894737,0
MB-18085,1428.2310000000002,117.80569999999997,39,7,142.8231,1
MC-17275,2725.982,461.0013999999998,54,8,209.69092307692307,0
MC-17425,4432.138,1802.3903,48,5,443.2138,0
MC-17575,1303.893,210.74929999999992,40,8,118.53572727272727,1
MC-17590,2426.0669999999996,288.9841000000001,47,6,142.70982352941175,1
MC-17605,2258.192,195.44859999999989,60,8,125.45511111111111,1
MC-17635,795.154,-247.94350000000014,33,4,99.39425,1
MC-17845,3805.714,698.4173999999998,45,7,271.83671428571427,0
MC-18100,2218.98,-64.16680000000007,73,10,116.78842105263158,0
MC-18130,1581.9979999999998,121.75650000000007,34,5,143.81799999999998,1
MD-17350,3766.382,-241.94999999999993,64,7,221.5518823529412,0
MD-17860,1204.91,-4.040300000000045,45,5,150.61375,1
ME-17320,10663.728000000001,1859.4694999999997,82,10,484.71490909090915,0
ME-17725,1908.4532,77.81280000000001,46,8,146.80409230769231,1
ME-18010,1256.9440000000002,107.36039999999998,15,4,209.4906666666667,1
MF-17665,937.0390000000001,-341.5265000000002,36,5,117.12987500000001,1
MF-18250,1758.3,456.8607999999999,38,5,146.525,1
MG-17650,3785.276,341.8979999999999,57,7,270.37685714285715,0
MG-17680,2350.188,25.8886,25,4,235.0188,1
MG-17695,1342.2820000000002,-398.7932000000001,23,3,191.75457142857144,1
MG-17875,1242.833,-470.7684000000002,23,5,177.54757142857144,1
MG-17890,776.384,171.73719999999994,35,9,59.72184615384616,1
MG-18145,3061.5429999999997,-93.6030000000001,42,4,382.69287499999996,1
MG-18205,16.739000000000004,-1.2453000000000016,8,1,8.369500000000002,1
MH-17290,2394.025,28.761199999999995,55,6,184.15576923076924,1
MH-17440,400.01599999999996,61.428599999999996,25,4,44.44622222222222,1
MH-17455,2456.1820000000002,484.77329999999995,45,8,223.28927272727276,1
MH-17620,1252.8000000000002,122.36120000000005,19,4,208.80000000000004,1
MH-17785,2203.7780000000002,238.56140000000008,42,7,200.34345454545456,1
MH-18025,2984.948,476.9032000000001,31,5,298.4948,1
MH-18115,5503.093,170.97459999999987,79,9,250.1405909090909,0
MJ-17740,6320.746,1054.5528999999997,50,7,421.38306666666665,0
MK-17905,2302.368,-405.35589999999996,73,8,135.43341176470588,0
MK-18160,1031.602,227.83379999999997,43,4,93.78200000000001,1
ML-17395,2722.843,684.9162,72,9,136.14215,0
ML-17410,2921.5,-76.1755,51,6,194.76666666666668,1
ML-17755,2071.9139999999998,409.5111999999998,53,7,159.378,1
ML-18040,742.082,138.71620000000001,18,3,185.5205,1
ML-18265,162.232,42.6648,7,2,54.077333333333335,1
MM-17260,1314.0230000000001,178.40199999999987,17,4,219.00383333333335,1
MM-17920,3794.08,82.12499999999991,68,11,237.13,0
MM-18055,2749.881,-520.3443000000001,73,8,144.7305789473684,0
MM-18280,775.414,58.8916,32,9,64.61783333333334,1
MN-17935,2477.9460000000004,290.82270000000005,36,6,247.79460000000003,1
MO-17500,922.4870000000001,59.35769999999992,15,4,184.49740000000003,1
MO-17800,1687.027,169.34369999999996,49,8,153.3660909090909,1
MO-17950,154.288,-82.00740000000002,14,2,38.572,1
MP-17470,3206.132,600.2872999999998,77,7,229.00942857142857,0
MP-17965,3983.6420000000003,638.1563,62,9,199.18210000000002,0
MP-18175,5087.92,226.45289999999997,78,9,267.78526315789475,0
MR-17545,639.178,162.93629999999996,29,4,106.52966666666667,1
MS-17365,7443.6900000000005,844.9354999999997,105,10,310.15375,0
MS-17530,475.65599999999995,84.02679999999997,21,4,67.95085714285713,1
MS-17710,1613.402,247.43479999999994,48,6,107.56013333333334,1
MS-17770,3144.678,280.85839999999996,73,9,165.5093684210526,0
MS-17830,370.34799999999996,19.431200000000004,14,4,74.0696,1
MS-17980,855.116,55.226000000000006,49,6,77.73781818181818,1
MT-17815,2890.139,509.0068000000001,31,6,289.01390000000004,1
MT-18070,1319.4497999999999,-23.676300000000012,44,4,119.94998181818181,1
MV-17485,1560.05,189.02579999999992,52,9,104.00333333333333,1
MV-18190,1734.574,273.85819999999995,37,7,157.68854545454545,1
MW-18220,5341.900000000001,1238.422,51,7,381.56428571428575,0
MW-18235,5253.876,1665.5159999999998,13,2,1751.2920000000001,0
MY-17380,2254.2850000000003,319.12109999999996,49,7,173.40653846153847,1
MY-18295,4152.696,-371.7111,89,11,197.74742857142857,0
MZ-17335,593.606,85.01909999999997,11,4,98.93433333333333,1
MZ-17515,2564.906,787.7503,39,6,256.4906,1
NB-18580,273.87199999999996,24.788800000000002,7,2,136.93599999999998,1
NB-18655,1972.599,117.64289999999988,64,9,116.03523529411764,0
NC-18340,2461.404,580.3074999999999,54,5,144.7884705882353,1
NC-18415,2218.99,-2204.8072,38,6,158.4992857142857,1
NC-18535,8241.739,1314.7579999999996,64,7,549.4492666666666,0
NC-18625,1821.7420000000002,-359.02100000000013,29,5,202.4157777777778,1
ND-18370,4326.139,353.6454999999999,63,9,240.34105555555556,0
ND-18460,2893.4550000000004,443.3367999999998,36,6,361.68187500000005,1
NF-18385,8322.826000000001,-1695.9714000000006,52,7,594.4875714285715,0
NF-18475,377.16200000000003,85.92779999999999,13,4,94.29050000000001,1
NF-18595,2031.4720000000002,388.2130999999999,55,7,169.28933333333336,1
NG-18355,1869.58,313.6334999999999,45,5,116.84875,1
NG-18430,1395.9379999999999,217.08929999999998,41,5,155.1042222222222,1
NH-18610,2673.29,760.1665999999998,52,7,243.02636363636364,1
NK-18490,572.048,121.21769999999998,51,7,52.004363636363635,1
NL-18310,1418.0900000000001,343.63809999999995,44,4,141.80900000000003,1
NM-18445,6459.344,2751.6848999999997,44,7,461.3817142857143,0
NM-18520,2161.979,788.9525,60,10,144.1319333333333,0
NP-18325,5529.62,1208.8890000000001,77,6,263.3152380952381,0
NP-18670,3908.402,514.6001999999999,46,5,390.8402,1
NP-18685,1228.698,514.5017,23,6,175.52828571428572,1
NP-18700,7903.1825,631.2281999999999,63,7,607.9371153846154,0
NR-18550,2367.277,-25.14880000000005,37,5,182.09823076923078,1
NS-18505,2575.863,-12.304000000000006,52,4,171.7242,1
NS-18640,2964.823,-234.7714000000001,113,13,114.03165384615384,0
NW-18400,7234.014,1023.1229999999998,78,7,328.8188181818182,0
NZ-18565,2488.31,402.4236000000001,77,9,124.4155,0
ON-18715,1567.52,-5.889000000000095,58,9,104.50133333333333,1
OT-18730,3818.6240000000003,-925.1203000000002,51,5,381.86240000000004,1
PA-19060,729.408,225.85879999999995,27,6,104.20114285714286,1
PB-18805,740.356,229.2257,54,3,74.0356,1
PB-19105,688.3240000000001,218.15969999999993,18,4,137.6648,1
PB-19150,1456.95,280.66059999999993,54,8,132.45000000000002,1
PB-19210,132.738,21.897,10,2,66.369,1
PC-18745,1832.064,272.6849999999999,22,4,366.4128,1
PC-19000,1061.488,-184.33640000000008,18,2,353.82933333333335,1
PF-19120,9062.864000000001,-614.2943000000007,75,4,476.9928421052632,0
PF-19165,2770.0,196.87389999999976,34,6,277.0,1
PF-19225,2206.128,591.3118000000001,32,5,220.61280000000002,1
PG-18820,3086.907,137.46129999999988,83,13,118.72719230769232,0
PG-18895,1987.1640000000002,334.5163,61,9,116.89200000000001,0
PH-18790,729.6480000000001,47.88779999999998,6,1,364.82400000000007,1
PJ-18835,1220.0900000000001,442.1355,46,8,93.85307692307694,1
PJ-19015,1824.2340000000002,682.9979000000001,25,7,182.42340000000002,1
PK-18910,1441.1520000000003,-798.7050000000003,14,2,480.38400000000007,1
PK-19075,8646.934000000001,2038.2675999999997,107,12,345.87736000000007,0
PL-18925,239.48100000000005,-0.7527000000000008,29,5,29.935125000000006,1
PM-18940,1405.402,157.87679999999992,16,3,351.3505,1
PM-19135,4115.662,526.7537000000002,36,4,587.9517142857143,1
PN-18775,1467.152,192.03959999999998,47,8,112.85784615384615,1
PO-18850,7473.828200000001,38.47569999999979,91,11,339.7194636363637,0
PO-18865,2493.214,437.8533,54,7,191.7856923076923,1
PO-19180,4893.043,1155.4331,65,9,271.8357222222222,0
PO-19195,1056.858,-49.70090000000004,32,5,105.6858,1
PP-18955,7252.608,1495.0853999999997,138,10,213.312,0
PR-18880,1840.178,247.6225999999999,43,5,153.34816666666669,1
PS-18760,2181.479,-134.44099999999992,75,6,103.87995238095237,1
PS-18970,1278.639,198.50989999999996,52,8,98.35684615384615,1
PS-19045,6843.634,1742.7296999999996,47,7,526.4333846153846,0
PT-19090,160.572,-20.050800000000017,19,4,22.93885714285714,1
PV-18985,2876.046,434.5284000000001,52,5,221.23430769230768,1
PW-19030,3454.916,803.8168999999999,48,10,265.76276923076927,0
PW-19240,3922.4150000000004,1290.354,39,7,326.8679166666667,0
QJ-19255,6108.338,1203.6768000000002,61,9,469.8721538461538,0
RA-19285,2617.906,546.0881999999999,58,9,153.9944705882353,0
RA-19885,3832.3140000000003,1292.8656,53,7,255.48760000000001,0
RA-19915,4793.543000000001,304.8672999999999,75,9,217.88831818181822,0
RA-19945,1686.9225000000001,-445.6949999999999,27,5,187.43583333333333,1
RB-19330,1008.1959999999999,-164.40619999999996,16,2,168.03266666666664,1
RB-19360,15117.339,6976.095899999999,71,6,839.8521666666667,0
RB-19435,2663.0860000000002,477.2399,66,8,166.44287500000002,0
RB-19465,4715.466,640.5465999999999,85,12,205.02026086956522,0
RB-19570,528.546,76.8879,35,5,58.72733333333334,1
RB-19645,221.084,72.67899999999999,29,5,31.583428571428573,1
RB-19705,2067.45,243.07549999999986,22,4,295.34999999999997,1
RB-19795,5633.316000000001,-461.7332000000002,92,8,312.96200000000005,0
RC-19825,966.409,63.9914,29,6,96.6409,1
RC-19960,885.7520000000001,10.563299999999984,44,6,80.5229090909091,1
RD-19480,4272.93,480.5939999999999,60,8,284.862,0
RD-19585,2912.8940000000002,734.5158,73,10,153.3102105263158,0
RD-19660,2786.632,835.7719999999999,23,5,557.3264,1
RD-19720,1419.737,207.3304,78,10,70.98685,0
RD-19810,1137.616,318.4625,63,8,71.101,1
RD-19900,3133.924,455.5291999999999,85,9,149.2344761904762,0
RD-19930,970.9420000000001,35.057400000000015,33,4,97.09420000000001,1
RE-19405,48.36,6.044999999999995,5,1,48.36,1
RE-19450,876.696,209.2294,47,5,97.41066666666667,1
RF-19345,3309.15,633.7072,67,8,206.821875,0
RF-19735,2341.2960000000003,711.6168,53,7,167.2354285714286,1
RF-19840,945.222,280.0261,45,8,85.92927272727273,1
RH-19495,3621.3759999999997,563.7876999999999,38,5,452.67199999999997,1
RH-19510,6979.18,1289.4534999999994,43,6,581.5983333333334,0
RH-19555,740.382,0.30569999999996256,11,2,246.79399999999998,1
RH-19600,2085.7400000000002,172.62609999999984,43,3,189.61272727272728,1
RK-19300,1460.192,269.688,29,3,182.524,1
RL-19615,6234.91,488.14839999999975,101,8,259.78791666666666,0
RM-19375,1453.474,392.1499,29,6,161.4971111111111,1
RM-19675,5979.0960000000005,1902.5438,39,5,543.5541818181819,0
RM-19750,98.35,28.687899999999992,4,1,49.175,1
RO-19780,3815.478,-1262.5715999999998,48,7,317.9565,1
RP-19270,954.6451999999999,59.53840000000004,47,4,79.55376666666666,1
RP-19390,5153.084000000001,465.25030000000015,88,12,206.12336000000002,0
RP-19855,2170.716,594.5867999999999,61,8,144.71439999999998,0
RR-19315,615.932,-73.83499999999995,7,2,153.983,1
RR-19525,3302.262,721.6825999999999,36,6,330.2262,1
RS-19420,3221.29,633.4514,29,5,357.9211111111111,1
RS-19765,4159.7699999999995,1206.3851,54,8,297.12642857142856,0
RS-19870,22.328,9.5838,10,2,7.442666666666667,1
RW-19540,7397.401,1586.6272999999999,89,7,321.6261304347826,0
RW-19630,3279.746,698.8324999999999,53,9,204.984125,0
RW-19690,3495.646,707.5502999999998,61,5,233.04306666666668,1
SA-20830,4767.3415,610.1495999999996,75,10,227.01626190476193,0
SB-20170,1348.02,157.66579999999993,24,3,192.5742857142857,1
SB-20185,6410.996,885.4623999999994,45,6,534.2496666666667,0
SB-20290,8057.891,-2082.7451000000005,84,7,473.9935882352941,0
SC-20020,3362.9636,-317.0508000000001,62,5,197.8213882352941,1
SC-20050,4624.572,1011.7442999999997,61,9,308.3048,0
SC-20095,14142.333999999999,5757.4119,87,9,642.8333636363636,0
SC-20230,4371.9580000000005,440.1409999999999,49,4,397.4507272727273,1
SC-20260,3729.7929999999997,671.0033999999999,63,8,207.21072222222222,0
SC-20305,3979.065,229.16170000000002,64,7,331.58875,0
SC-20380,5992.536,236.66149999999982,80,9,299.6268,0
SC-20440,1874.998,379.5610999999998,44,7,187.4998,1
SC-20575,902.7280000000001,100.22529999999995,30,5,128.96114285714287,1
SC-20680,1254.64,370.1578,26,6,156.83,1
SC-20695,2576.408,611.8290999999998,66,10,184.02914285714286,0
SC-20725,5226.21,1276.6513,133,11,201.0080769230769,0
SC-20770,4492.657,-671.1873999999999,75,7,213.93604761904763,0
SC-20800,279.25600000000003,51.8252,11,4,55.851200000000006,1
SC-20845,280.632,31.175699999999985,13,2,70.158,1
SD-20485,6121.114,1985.1672,82,9,291.481619047619,0
SE-20110,12209.438000000002,2650.6768999999995,78,11,642.6020000000001,0
SF-20065,763.5459999999999,228.1623,35,7,84.83844444444443,1
SF-20200,3422.7859999999996,286.90460000000013,74,9,228.1857333333333,0
SF-20965,3336.5350000000003,539.9352,66,9,196.26676470588237,0
SG-20080,3406.581,570.4379999999999,30,3,309.68918181818185,1
SG-20470,1884.7979999999998,-119.01049999999998,62,8,134.62842857142854,1
SG-20605,3124.832,463.26899999999995,49,6,240.37169230769229,1
SG-20890,47.946,-3.7073000000000036,17,3,9.5892,1
SH-19975,3406.8395,558.4739999999999,113,13,117.47722413793103,0
SH-20395,2180.718,-144.5229000000002,45,10,145.38119999999998,1
SH-20635,2096.3920000000003,260.6258000000001,16,2,1048.1960000000001,1
SJ-20125,3949.656,144.1189,104,12,164.569,0
SJ-20215,1341.036,-23.51370000000003,35,6,134.1036,1
SJ-20500,1318.776,68.09629999999989,30,5,188.39657142857143,1
SK-19990,883.409,168.79329999999996,19,3,176.6818,1
SL-20155,3053.012,527.9715,30,7,339.22355555555555,1
SM-20005,244.494,-26.592699999999986,26,4,40.749,1
SM-20320,25043.05,-1980.7393000000022,50,5,1669.5366666666666,0
SM-20905,1043.0410000000002,-237.28850000000003,20,1,173.8401666666667,1
SM-20950,5563.392,581.5741999999999,94,12,252.88145454545455,0
SN-20560,1860.4179999999997,-716.8565000000001,67,6,124.02786666666664,1
SN-20710,3127.9592,481.74989999999997,89,7,164.62943157894736,0
SO-20335,2602.5755,-81.08580000000003,52,6,173.50503333333333,1
SP-20545,1306.086,-118.77570000000009,43,6,130.6086,1
SP-20620,5440.319,-270.4281999999996,77,9,226.67995833333336,0
SP-20650,1872.4360000000001,268.4781999999999,71,9,124.82906666666668,0
SP-20860,4282.9400000000005,566.7225999999997,80,10,178.45583333333335,0
SP-20920,3990.689,14.692399999999838,57,6,285.0492142857143,1
SR-20425,3233.4810000000007,-3333.914400000001,34,5,359.2756666666667,1
SR-20740,4345.8859999999995,1990.4243999999999,50,8,362.1571666666666,0
SS-20140,1324.028,332.34869999999995,86,8,63.04895238095238,0
SS-20410,3056.807,-1010.9738000000004,46,6,254.73391666666666,1
SS-20515,613.4,199.93449999999996,36,3,102.23333333333333,1
SS-20590,418.49,135.5401,17,6,46.49888888888889,1
SS-20875,964.6360000000001,-75.58600000000008,39,5,64.30906666666667,1
ST-20530,433.34000000000003,84.44189999999998,33,7,36.11166666666667,1
SU-20665,2595.364,763.4719,61,7,144.1868888888889,0
SV-20365,11470.95,1199.4242,109,10,358.4671875,0
SV-20785,4105.305,485.0271999999998,91,9,164.21220000000002,0
SV-20815,1271.0900000000001,199.6501999999999,24,4,211.84833333333336,1
SV-20935,1903.491,106.89120000000001,66,8,146.4223846153846,0
SW-20245,1085.078,-19.60620000000001,33,7,108.5078,1
SW-20275,1966.65,332.8725,28,6,280.95,1
SW-20350,1019.0440000000001,95.83829999999998,25,3,169.8406666666667,1
SW-20455,2921.544,793.6547999999999,18,7,324.616,1
SW-20755,758.6959999999999,68.24159999999995,27,2,94.83699999999999,1
SZ-20035,3625.329,366.43029999999993,69,11,181.26645000000002,0
TA-21385,14595.62,4703.788299999999,36,4,1459.5620000000001,0
TB-21055,1467.881,390.2113,66,5,81.54894444444444,1
TB-21175,3589.296,829.1635000000001,36,4,326.29963636363635,1
TB-21190,816.1740000000001,179.00379999999998,23,4,204.04350000000002,1
TB-21250,1602.3760000000002,260.61549999999994,74,7,84.33557894736843,1
TB-21280,2198.45,490.9566999999999,35,6,199.8590909090909,1
TB-21355,834.328,268.967,44,5,64.17907692307692,1
TB-21400,9133.99,2798.3688999999995,55,7,537.2935294117647,0
TB-21520,4737.486000000001,-1603.0451000000003,85,9,236.87430000000003,0
TB-21595,1387.559,-136.4091,29,5,198.2227142857143,1
TB-21625,2797.668,379.8819999999997,60,9,186.5112,0
TC-20980,19052.217999999997,8981.3239,42,5,1587.684833333333,0
TC-21145,1038.26,265.5332,17,1,259.565,1
TC-21295,4266.812,606.3727000000001,63,8,266.67575,0
TC-21475,1244.976,119.10399999999996,45,9,113.17963636363638,1
TC-21535,742.5580000000001,217.93300000000002,28,7,74.25580000000001,1
TD-20995,1434.548,88.18969999999999,67,9,89.65925,0
TG-21310,3058.3720000000003,682.1704,30,5,339.81911111111117,1
TG-21640,2074.661,365.7205000000001,50,4,207.4661,1
TH-21100,2422.824,-135.21250000000018,29,5,346.11771428571427,1
TH-21115,2942.772,-252.55389999999997,29,4,326.9746666666667,1
TH-21235,1022.2010000000001,92.72899999999998,40,8,78.63084615384616,1
TH-21550,4234.0960000000005,-571.9678,44,7,325.6996923076923,1
TM-21010,2955.2259999999997,573.3012999999999,67,8,155.53821052631577,0
TM-21490,1094.6779999999999,292.521,12,3,273.66949999999997,1
TN-21040,3130.221,-692.0452,48,7,260.85175,1
TP-21130,4454.0560000000005,1129.1261,55,9,278.37850000000003,0
TP-21415,5329.0048,-1087.3898000000002,39,5,532.90048,1
TP-21565,1936.6400000000003,139.2286999999999,48,4,193.66400000000004,1
TR-21325,675.9419999999999,220.36439999999996,22,5,96.56314285714284,1
TS-21085,4.833000000000001,-3.3156,4,2,2.4165000000000005,1
TS-21160,2163.624,260.8744,60,6,127.27199999999999,1
TS-21205,5371.09,862.8877000000001,67,7,282.68894736842105,0
TS-21340,974.782,-184.97889999999998,51,5,81.23183333333334,1
TS-21370,11891.751,2371.7144,59,6,792.7834,0
TS-21430,2054.14,48.70169999999998,31,5,293.4485714285714,1
TS-21505,2243.274,11.377900000000011,54,6,160.23385714285715,1
TS-21610,2820.424,-294.6981000000002,44,7,256.4021818181818,1
TS-21655,3368.094,220.91629999999992,52,5,240.57814285714286,1
TT-21070,4915.602,751.9567,66,7,351.11442857142856,0
TT-21220,1427.0439999999999,278.73709999999994,55,8,95.13626666666666,1
TT-21265,439.5,93.9162,8,3,146.5,1
TT-21460,5364.808,1124.4998999999998,48,7,383.20057142857144,0
TW-21025,5278.826,737.3904999999997,57,7,439.9021666666667,0
TZ-21580,1707.286,224.88869999999991,30,4,189.69844444444445,1
VB-21745,2005.596,371.23979999999995,37,6,200.5596,1
VD-21670,6442.254,1617.7874000000002,71,6,402.640875,0
VF-21715,847.944,-96.27800000000002,35,5,77.08581818181818,1
VG-21790,846.01,143.6268,32,6,105.75125,1
VG-21805,427.372,-52.333,16,5,71.22866666666667,1
VM-21685,2454.866,513.5269,37,7,204.57216666666667,1
VM-21835,380.69,116.63730000000001,25,5,47.58625,1
VP-21730,993.902,205.38879999999995,18,3,198.78040000000001,1
VP-21760,3360.5260000000003,-1018.7768,65,7,240.03757142857145,1
VS-21820,1055.981,-262.80930000000006,38,4,131.997625,1
VT-21700,1736.596,-224.0889000000001,42,2,192.9551111111111,1
VW-21775,6134.0380000000005,-874.6645000000002,77,10,340.77988888888893,0
WB-21850,6160.102,714.3310999999997,146,11,166.48924324324324,0
XP-21865,2374.658,621.23,100,11,84.80921428571428,0
YC-21895,5454.35,1305.6290000000001,31,5,681.79375,0
YS-21880,6720.444,1778.2922999999996,58,8,560.037,0
ZC-21910,8025.707,-1032.149000000001,105,13,258.8937741935484,0
ZD-21925,1493.9440000000002,249.13069999999993,32,5,165.9937777777778,1
